{
  "name": "jquery-placeholder",
  "description": "A jQuery plugin that enables HTML5 placeholder behavior for browsers that aren’t trying hard enough yet",
  "license": "MIT",
  "main": [
    "jquery.placeholder.js"
  ],
  "keywords": [
    "form",
    "placeholder",
    "jQuery",
    "jquery-plugin"
  ],
  "dependencies": {
    "jquery": ">=1.6"
  },
  "ignore": [
    "*",
    "!/bower.json",
    "!/jquery.placeholder.js",
    "!/jquery.placeholder.min.js",
    "!/jquery.placeholder.min.js.map"
  ],
  "homepage": "https://github.com/mathiasbynens/jquery-placeholder",
  "version": "2.3.1",
  "_release": "2.3.1",
  "_resolution": {
    "type": "version",
    "tag": "v2.3.1",
    "commit": "bd18712c2f6cc6be2dfd7310a89044b09610057e"
  },
  "_source": "git://github.com/mathiasbynens/jquery-placeholder.git",
  "_target": "~2.3.1",
  "_originalSource": "jquery-placeholder",
  "_direct": true
}